username|trade_count|bank_name|location_string|trade_type|temp_price|source|coin
Davidson07|4|VENEZUELA|Venezuela|ONLINE_BUY|64000000000.00|LocalBitcoin|bitcoin
cryptozuelans|500+|BOD|Caracas, Capital District, Venezuela|ONLINE_BUY|63388384873.51|LocalBitcoin|bitcoin
hrbg|7|VENEZUELA|Venezuela|ONLINE_BUY|61842326705.86|LocalBitcoin|bitcoin
emilys_96|100+|BICENTENARIO|Venezuela|ONLINE_BUY|58050000000.00|LocalBitcoin|bitcoin
rogersdesantis|5|‚ö°Pago M√≥vil ‚ö°|Venezuela|ONLINE_BUY|57204152202.92|LocalBitcoin|bitcoin
king_of_local|100+|VENEZUELA|Maracay, Aragua, Venezuela|ONLINE_BUY|46000000000.00|LocalBitcoin|bitcoin
HelenBauti|30+|BOD|Valle De La Pascua 2350, Gu√°rico, Venezuela|ONLINE_BUY|38450000000.00|LocalBitcoin|bitcoin
Davidson07|4|MERCANTIL|Venezuela|ONLINE_BUY|75000000.00|LocalBitcoin|bitcoin
Rikmen96|15|BANESCO|Venezuela|ONLINE_BUY|77302908382.33|LocalBitcoin|bitcoin
CarmenDosRamos|3|PROVINCIAL|Los Teques, Miranda, Venezuela|ONLINE_BUY|78113662905.35|LocalBitcoin|bitcoin
lsh09080200|0|BANESCO|Venezuela|ONLINE_BUY|77302908382.33|LocalBitcoin|bitcoin
lsh09080200|0|BANESCO|Venezuela|ONLINE_BUY|75370335672.77|LocalBitcoin|bitcoin
Juapa123|1|BANESCO|Venezuela|ONLINE_BUY|48900.00|LocalBitcoin|bitcoin
jegakicker|0|BANESCO|Barinas 5201, Barinas, Venezuela|ONLINE_BUY|78848966549.97|LocalBitcoin|bitcoin
GerardoSilva|0|PETRO|Valencia, Carabobo, Venezuela|ONLINE_BUY|76993696748.80|LocalBitcoin|bitcoin
JKatherineH|0|VENEZUELA|Valencia 2001, Carabobo, Venezuela|ONLINE_BUY|75756850214.68|LocalBitcoin|bitcoin
prfranklin01|0|MERCANTIL|Valencia 2001, Carabobo, Venezuela|ONLINE_BUY|43800000000.00|LocalBitcoin|bitcoin
CesarUribe|1000+|OJO SOLO *** RECARGA DIRECTV ****|Venezuela|ONLINE_BUY|81168053801.44|LocalBitcoin|bitcoin
angeldoza25|1000+|MERCANTIL|Venezuela|ONLINE_BUY|81168053801.44|LocalBitcoin|bitcoin
PEIPOBITCOIN|3000+|MERCANTIL|Venezuela|ONLINE_BUY|78700000000.00|LocalBitcoin|bitcoin
jtalel|3000+|MERCANTIL|Venezuela|ONLINE_BUY|78501100000.00|LocalBitcoin|bitcoin
sm93|10 000+|MERCANTIL|Venezuela|ONLINE_BUY|78501000000.00|LocalBitcoin|bitcoin
cuyaguaa|1000+|BANESCO|Venezuela|ONLINE_BUY|78113662905.35|LocalBitcoin|bitcoin
nt95|1000+|BANESCO|Venezuela|ONLINE_BUY|78100000000.00|LocalBitcoin|bitcoin
Hlugo5150|20 000+|BANESCO|Venezuela|ONLINE_BUY|78002000000.00|LocalBitcoin|bitcoin
RoberSoucy|3000+|BANESCO|Venezuela|ONLINE_BUY|78001100000.00|LocalBitcoin|bitcoin
meizhihuaptc|1000+|BANESCO|Coro 4101, Falc√≥n, Venezuela|ONLINE_BUY|77998634557.77|LocalBitcoin|bitcoin
eligioclimich|1000+|PROVINCIAL|Venezuela|ONLINE_BUY|77751265250.95|LocalBitcoin|bitcoin
saul77|3000+|PROVINCIAL|Yaritagua 3203, Yaracuy, Venezuela|ONLINE_BUY|77689422924.24|LocalBitcoin|bitcoin
FORTALEZA18|15 000+|‚ñÑ ‚ñà ‚ñåBANCAMIGA BANCO UNIVERSAL  ‚ñå‚ñà ‚ñÑ 11 02 2021|Venezuela|ONLINE_BUY|77100500500.00|LocalBitcoin|bitcoin
saul77|3000+|VENEZUELA|Yaritagua 3203, Yaracuy, Venezuela|ONLINE_BUY|77070999657.18|LocalBitcoin|bitcoin
MacroSistema|10 000+|BANESCO|Venezuela|ONLINE_BUY|77020091162.60|LocalBitcoin|bitcoin
FORTALEZA18|15 000+|BVC|Venezuela|ONLINE_BUY|77000500500.00|LocalBitcoin|bitcoin
FORTALEZA18|15 000+|BOD|Venezuela|ONLINE_BUY|77000500500.00|LocalBitcoin|bitcoin
Angel1288|20 000+|BOD|Carabobo, Venezuela|ONLINE_BUY|76962775585.45|LocalBitcoin|bitcoin
carmen666|15 000+|BOD|Venezuela|ONLINE_BUY|76955000000.00|LocalBitcoin|bitcoin
carmen666|15 000+|BANESCO|Venezuela|ONLINE_BUY|76910000000.00|LocalBitcoin|bitcoin
fengkevin|15 000+|BANESCO|Caracas, Capital District, Venezuela|ONLINE_BUY|76910000000.00|LocalBitcoin|bitcoin
FUERTELOMAS|3000+|BANESCO|Venezuela|ONLINE_BUY|76780000000.00|LocalBitcoin|bitcoin
Dianittakitty|3000+|BANESCO|Venezuela|ONLINE_BUY|76770000000.00|LocalBitcoin|bitcoin
Angel1288|20 000+|BOD|Carabobo, Venezuela|ONLINE_BUY|76669024533.59|LocalBitcoin|bitcoin
CFURLAN|3000+|BOD|Caracas, Capital District, Venezuela|ONLINE_BUY|76663200100.00|LocalBitcoin|bitcoin
NAGIBSM|3000+|BOD|Caracas, Capital District, Venezuela|ONLINE_BUY|76663100000.00|LocalBitcoin|bitcoin
carmen666|15 000+|PROVINCIAL|Venezuela|ONLINE_BUY|76655000000.00|LocalBitcoin|bitcoin
louraylin|1000+|VENEZUELA|Venezuela|ONLINE_BUY|76529879298.50|LocalBitcoin|bitcoin
FORTALEZA18|15 000+|MERCANTIL|Venezuela|ONLINE_BUY|76501500500.00|LocalBitcoin|bitcoin
jorgecabeza02|3000+|BOD|Venezuela|ONLINE_BUY|76500000000.00|LocalBitcoin|bitcoin
Cjakson23|3000+|BOD|Venezuela|ONLINE_BUY|76400000000.00|LocalBitcoin|bitcoin
jose1168|3000+|BOD|Venezuela|ONLINE_BUY|76375273481.74|LocalBitcoin|bitcoin
mahakala11|10 000+|BANESCO|Venezuela|ONLINE_BUY|76250100000.00|LocalBitcoin|bitcoin
pejagobla|40 000+|BANESCO|Venezuela|ONLINE_BUY|76200000000.00|LocalBitcoin|bitcoin
Anderduranv|10 000+|BANESCO|Venezuela|ONLINE_BUY|76111000000.00|LocalBitcoin|bitcoin
MacroSistema|10 000+|MERCANTIL|Venezuela|ONLINE_BUY|76110000000.00|LocalBitcoin|bitcoin
innocentsky|1000+|PROVINCIAL|Venezuela|ONLINE_BUY|76102816137.49|LocalBitcoin|bitcoin
VIMERVI|100+|PROVINCIAL|Caracas, Capital District, Venezuela|ONLINE_BUY|76075500000.00|LocalBitcoin|bitcoin
carmen666|15 000+|VENEZUELA|Venezuela|ONLINE_BUY|76050000000.00|LocalBitcoin|bitcoin
carmen666|15 000+|MERCANTIL|Venezuela|ONLINE_BUY|76050000000.00|LocalBitcoin|bitcoin
Luispg30|10 000+|BOD|Venezuela|ONLINE_BUY|76005999000.99|LocalBitcoin|bitcoin
pedrorey10|20 000+|MERCANTIL|Venezuela|ONLINE_BUY|75902100100.00|LocalBitcoin|bitcoin
Angel1288|20 000+|BOD|Carabobo, Venezuela|ONLINE_BUY|75849613704.74|LocalBitcoin|bitcoin
orinococambio|10 000+|MERCANTIL|Venezuela|ONLINE_BUY|75800000000.00|LocalBitcoin|bitcoin
EduardoDiaz|100+|BANESCO|Venezuela|ONLINE_BUY|75793455096.28|LocalBitcoin|bitcoin
Giomendo10|1000+|MERCANTIL|Venezuela|ONLINE_BUY|75793455096.28|LocalBitcoin|bitcoin
JaroldDelgado|3000+|MERCANTIL|Venezuela|ONLINE_BUY|75790000000.00|LocalBitcoin|bitcoin
armando6191|3000+|VENEZUELA|Venezuela|ONLINE_BUY|75781000000.00|LocalBitcoin|bitcoin
ARATEX|15 000+|MERCANTIL|Venezuela|ONLINE_BUY|75780000000.00|LocalBitcoin|bitcoin
themejia009|1000+|BANESCO|Venezuela|ONLINE_BUY|75758000000.00|LocalBitcoin|bitcoin
JaroldDelgado|3000+|MERCANTIL|Caracas, Capital District, Venezuela|ONLINE_BUY|75601000000.00|LocalBitcoin|bitcoin
JeanPacheco|30 000+|MERCANTIL|Venezuela|ONLINE_BUY|75600000000.00|LocalBitcoin|bitcoin
prjosuearevalo|1000+|VENEZUELA|Venezuela|ONLINE_BUY|75550000000.00|LocalBitcoin|bitcoin
Jeany2307|3000+|BANESCO|Venezuela|ONLINE_BUY|75500900000.00|LocalBitcoin|bitcoin
Dianittakitty|3000+|BANESCO|Venezuela|ONLINE_BUY|75500000010.00|LocalBitcoin|bitcoin
robertmartinez1006|3000+|VENEZUELA|Venezuela|ONLINE_BUY|75500000000.00|LocalBitcoin|bitcoin
xxMOISESxx|15 000+|BANESCO|Venezuela|ONLINE_BUY|75483999999.00|LocalBitcoin|bitcoin
pedrorey10|20 000+|PROVINCIAL|Venezuela|ONLINE_BUY|75150100100.00|LocalBitcoin|bitcoin
josenoguera|20 000+|PROVINCIAL|Venezuela|ONLINE_BUY|75136100000.00|LocalBitcoin|bitcoin
leoprez|15 000+|PROVINCIAL|Caracas, Capital District, Venezuela|ONLINE_BUY|75136008000.00|LocalBitcoin|bitcoin
themejia009|1000+|VENEZUELA|Venezuela|ONLINE_BUY|75126000000.00|LocalBitcoin|bitcoin
caalpe|1000+|PROVINCIAL|Venezuela|ONLINE_BUY|75100000000.00|LocalBitcoin|bitcoin
JaroldDelgado|3000+|MERCANTIL|Venezuela|ONLINE_BUY|75010000000.00|LocalBitcoin|bitcoin
johan1550|40 000+|MERCANTIL||ONLINE_BUY|75003574321.00|LocalBitcoin|bitcoin
Todorapido|10 000+|MERCANTIL|Venezuela|ONLINE_BUY|75000107000.00|LocalBitcoin|bitcoin
liucifer|3000+|BANESCO|Caracas, Capital District, Venezuela|ONLINE_BUY|75000000000.00|LocalBitcoin|bitcoin
herlyvargasmedina|1000+|BNC|Venezuela|ONLINE_BUY|75000000000.00|LocalBitcoin|bitcoin
elaudazz|3000+|BANESCO|Caracas, Capital District, Venezuela|ONLINE_BUY|74983821130.86|LocalBitcoin|bitcoin
Bacancho|1000+|BANESCO|Venezuela|ONLINE_BUY|74983821130.86|LocalBitcoin|bitcoin
datazca|500+|MERCANTIL|Venezuela|ONLINE_BUY|74829215314.09|LocalBitcoin|bitcoin
datazca|500+|BANESCO|Venezuela|ONLINE_BUY|74829215314.09|LocalBitcoin|bitcoin
datazca|500+|PROVINCIAL|Venezuela|ONLINE_BUY|74829215314.09|LocalBitcoin|bitcoin
CF2|10 000+|VENEZUELA|El Tocuyo 3018, Lara, Venezuela|ONLINE_BUY|74750000000.00|LocalBitcoin|bitcoin
Lisbethparra|3000+|PROVINCIAL|Venezuela|ONLINE_BUY|74611000000.00|LocalBitcoin|bitcoin
eduardo3505jg|3000+|VENEZUELA|Venezuela|ONLINE_BUY|74580000000.00|LocalBitcoin|bitcoin
GODTHUNDER|3000+|VENEZUELA|Venezuela|ONLINE_BUY|74580000000.00|LocalBitcoin|bitcoin
sembtcven|15 000+|VENEZUELA|Venezuela|ONLINE_BUY|74553000003.00|LocalBitcoin|bitcoin
VICCAM|3000+|VENEZUELA|Venezuela|ONLINE_BUY|74550050050.00|LocalBitcoin|bitcoin
josealvaro1011|10 000+|BANESCO|Los Teques, Miranda, Venezuela|ONLINE_BUY|74537696800.00|LocalBitcoin|bitcoin
fofo_113|3000+|MERCANTIL|Venezuela|ONLINE_BUY|74537696800.00|LocalBitcoin|bitcoin
edgardbm|15 000+|BOD|Venezuela|ONLINE_BUY|74525000000.00|LocalBitcoin|bitcoin
GODTHUNDER|3000+|BANESCO|Venezuela|ONLINE_BUY|74500000000.00|LocalBitcoin|bitcoin
gbastidas|3000+|BANESCO|Valencia, Carabobo, Venezuela|ONLINE_BUY|74410000000.00|LocalBitcoin|bitcoin
serbtc21|3000+|PROVINCIAL|Caracas, Capital District, Venezuela|ONLINE_BUY|74238038839.82|LocalBitcoin|bitcoin
Alessandro309|10 000+|BANESCO|Carabobo, Venezuela|ONLINE_BUY|74200000000.00|LocalBitcoin|bitcoin
hayfer|10 000+|BOD|Venezuela|ONLINE_BUY|74200000000.00|LocalBitcoin|bitcoin
Jindher|10 000+|MERCANTIL|Venezuela|ONLINE_BUY|74200000000.00|LocalBitcoin|bitcoin
andres_87|3000+|BANESCO|Venezuela|ONLINE_BUY|74159105800.00|LocalBitcoin|bitcoin
VICCAM|3000+|MERCANTIL|Venezuela|ONLINE_BUY|74150050050.00|LocalBitcoin|bitcoin
Tjinversiones|1000+|BOD|Venezuela|ONLINE_BUY|74100000000.00|LocalBitcoin|bitcoin
joseiltorbello|3000+|MERCANTIL|Cabudare 3023, Lara, Venezuela|ONLINE_BUY|74100000000.00|LocalBitcoin|bitcoin
Eddyyamir|3000+|VENEZUELA|Venezuela|ONLINE_BUY|74081130100.00|LocalBitcoin|bitcoin
josias|3000+|BANESCO|Venezuela|ONLINE_BUY|74056186230.27|LocalBitcoin|bitcoin
oscr1829|3000+|PROVINCIAL|Venezuela|ONLINE_BUY|74031000000.00|LocalBitcoin|bitcoin
elysaul|10 000+|BANESCO|Caracas, Capital District, Venezuela|ONLINE_BUY|74001000000.00|LocalBitcoin|bitcoin
elysaul|10 000+|MERCANTIL|Caracas 1061, Miranda, Venezuela|ONLINE_BUY|74001000000.00|LocalBitcoin|bitcoin
elysaul|10 000+|BANCARIBE|Caracas, Capital District, Venezuela|ONLINE_BUY|74001000000.00|LocalBitcoin|bitcoin
elysaul|10 000+|VENEZUELA|Caracas, Capital District, Venezuela|ONLINE_BUY|74001000000.00|LocalBitcoin|bitcoin
elysaul|10 000+|PROVINCIAL|Venezuela|ONLINE_BUY|74001000000.00|LocalBitcoin|bitcoin
elysaul|10 000+|BICENTENARIO|Venezuela|ONLINE_BUY|74001000000.00|LocalBitcoin|bitcoin
juancho17|15 000+|MERCANTIL|Venezuela|ONLINE_SELL|94989000000.00|LocalBitcoin|bitcoin
juancho17|15 000+|BANCARIBE|Venezuela|ONLINE_SELL|94999000000.00|LocalBitcoin|bitcoin
juancho17|15 000+|PROVINCIAL|Venezuela|ONLINE_SELL|94999000000.00|LocalBitcoin|bitcoin
Indestructible2018|3000+|BANCARIBE|Caracas, Capital District, Venezuela|ONLINE_SELL|96000000080.00|LocalBitcoin|bitcoin
angeldoza25|1000+|MERCANTIL|Venezuela|ONLINE_SELL|96628635477.91|LocalBitcoin|bitcoin
gabostark1|10 000+|BICENTENARIO|Venezuela|ONLINE_SELL|97300000000.00|LocalBitcoin|bitcoin
manperezr|20 000+|BICENTENARIO|Caracas, Capital District, Venezuela|ONLINE_SELL|98201065439.29|LocalBitcoin|bitcoin
josueDVilla66|100+|MERCANTIL|Venezuela|ONLINE_SELL|100001065439.00|LocalBitcoin|bitcoin
noelcumana|3000+|VENEZUELA|Venezuela|ONLINE_SELL|100493780897.03|LocalBitcoin|bitcoin
Incognit11|2|BANCARIBE|Venezuela|ONLINE_SELL|100493780897.03|LocalBitcoin|bitcoin
alexbc14|4|BANCARIBE|Caracas, Capital District, Venezuela|ONLINE_SELL|100493780897.03|LocalBitcoin|bitcoin
gad227|2|BANCARIBE|Caracas, Capital District, Venezuela|ONLINE_SELL|100493780897.03|LocalBitcoin|bitcoin
whernandez|3000+|BANESCO|Venezuela|ONLINE_SELL|104053876555.00|LocalBitcoin|bitcoin
yperezcambios|100+|BANESCO|Venezuela|ONLINE_SELL|104053876555.00|LocalBitcoin|bitcoin
rodrigjc|3000+|PAGOMOVIL|Valencia, Carabobo, Venezuela|ONLINE_SELL|110000000000.00|LocalBitcoin|bitcoin
adve65087|1000+||Caracas, Capital District, Venezuela|ONLINE_SELL|115954362573.49|LocalBitcoin|bitcoin
Umbrellacorp28|3000+|PAGOMOVIL|Caracas, Capital District, Venezuela|ONLINE_SELL|123684653411.72|LocalBitcoin|bitcoin
Umbrellacorp28|3000+|TESORO|Caracas, Capital District, Venezuela|ONLINE_SELL|123684653411.72|LocalBitcoin|bitcoin
valuequeen8888|500+||Venezuela|ONLINE_SELL|123684653411.72|LocalBitcoin|bitcoin
FORTALEZA18|15 000+|MERCANTIL|Venezuela|ONLINE_SELL|150000000000.00|LocalBitcoin|bitcoin
FORTALEZA18|15 000+|BANESCO|Venezuela|ONLINE_SELL|151000000000.00|LocalBitcoin|bitcoin
FORTALEZA18|15 000+|BOD|Venezuela|ONLINE_SELL|152000000000.00|LocalBitcoin|bitcoin
FORTALEZA18|15 000+|PROVINCIAL|Venezuela|ONLINE_SELL|153000000000.00|LocalBitcoin|bitcoin
AndreCardenas|1|BICENTENARIO|Venezuela|ONLINE_SELL|153059758597.01|LocalBitcoin|bitcoin
FORTALEZA18|15 000+|BVC|Venezuela|ONLINE_SELL|154000000000.00|LocalBitcoin|bitcoin
FORTALEZA18|15 000+|BNC|Venezuela|ONLINE_SELL|155000000000.00|LocalBitcoin|bitcoin
FORTALEZA18|15 000+|BANCARIBE|Venezuela|ONLINE_SELL|156000000000.00|LocalBitcoin|bitcoin
FORTALEZA18|15 000+|‚ñÑ ‚ñà ‚ñåBANCAMIGA ‚ñå‚ñà ‚ñÑ 5 BTC DISPONIBLES|Venezuela|ONLINE_SELL|157000000000.00|LocalBitcoin|bitcoin
Umbrellacorp28|3000+|TESORO|Caracas, Capital District, Venezuela|ONLINE_SELL|193257270955.82|LocalBitcoin|bitcoin
interbuy.ve|12|BANESCO|Venezuela|ONLINE_SELL|85033199220.56|LocalBitcoin|bitcoin
Ampa8695|0|MERCANTIL|Venezuela|ONLINE_SELL|87352286472.03|LocalBitcoin|bitcoin
Ampa8695|0|PAGOMOVIL|Venezuela|ONLINE_SELL|90444402807.32|LocalBitcoin|bitcoin
Ampa8695|0|VENEZUELA|Venezuela|ONLINE_SELL|90444402807.32|LocalBitcoin|bitcoin
Ampa8695|0|PAGOMOVIL|Venezuela|ONLINE_SELL|91990460974.97|LocalBitcoin|bitcoin
angeldoza25|1000+|MERCANTIL|Venezuela|ONLINE_SELL|68413073918.36|LocalBitcoin|bitcoin
MAUROPEREZ|3000+|PAGOMOVIL|Venezuela|ONLINE_SELL|77300000000.00|LocalBitcoin|bitcoin
Gutter|500+|MERCANTIL|Caracas, Capital District, Venezuela|ONLINE_SELL|77302908382.33|LocalBitcoin|bitcoin
Prolotso|100+|VENEZUELA|Venezuela|ONLINE_SELL|77302908382.33|LocalBitcoin|bitcoin
luisxavier|3000+|BANESCO|Caracas, Capital District, Venezuela|ONLINE_SELL|77399000000.00|LocalBitcoin|bitcoin
luisxavier|3000+|VENEZUELA|Caracas, Capital District, Venezuela|ONLINE_SELL|77399000000.00|LocalBitcoin|bitcoin
sandalphon|10 000+|PAGO M√ìVIL SOLO 15.000.000|Caracas, Capital District, Venezuela|ONLINE_SELL|77399900000.00|LocalBitcoin|bitcoin
victorup8|3000+|BANESCO|Venezuela|ONLINE_SELL|77400000000.00|LocalBitcoin|bitcoin
victorup8|3000+|VENEZUELA|Caracas, Capital District, Venezuela|ONLINE_SELL|77400000000.00|LocalBitcoin|bitcoin
victorup8|3000+|PROVINCIAL|Venezuela|ONLINE_SELL|77400000000.00|LocalBitcoin|bitcoin
VelasquezV|1000+|VENEZUELA|Caracas, Capital District, Venezuela|ONLINE_SELL|77400000000.00|LocalBitcoin|bitcoin
johnfredy21|1000+|MERCANTIL|Venezuela|ONLINE_SELL|77417600562.63|LocalBitcoin|bitcoin
patriciafericelli|1000+|PAGOMOVIL|Venezuela|ONLINE_SELL|77457514199.09|LocalBitcoin|bitcoin
StephaniCuicas|1000+|BANESCO|Venezuela|ONLINE_SELL|77457514199.09|LocalBitcoin|bitcoin
StephaniCuicas|1000+|PROVINCIAL|Venezuela|ONLINE_SELL|77457514199.09|LocalBitcoin|bitcoin
Alisalof|1000+|MERCANTIL|Caracas, Capital District, Venezuela|ONLINE_SELL|77500000000.00|LocalBitcoin|bitcoin
JhonathanPastrana|1000+|BANESCO|Puerto La Cruz, Anzoategui, Venezuela|ONLINE_SELL|77500000000.00|LocalBitcoin|bitcoin
vanessagomezco|500+|PAGOMOVIL|Venezuela|ONLINE_SELL|77689422924.24|LocalBitcoin|bitcoin
SANDREADOUGLAS|500+|MERCANTIL|Venezuela|ONLINE_SELL|77689422924.24|LocalBitcoin|bitcoin
yapoo|3000+|BANESCO|Caracas, Capital District, Venezuela|ONLINE_SELL|77698000000.00|LocalBitcoin|bitcoin
The_Realtor|3000+|PROVINCIAL|Venezuela|ONLINE_SELL|77699892512.73|LocalBitcoin|bitcoin
javigueh73|100+|MERCANTIL|Venezuela|ONLINE_SELL|77700000000.00|LocalBitcoin|bitcoin
Jjserrano18|3000+|MERCANTIL|Venezuela|ONLINE_SELL|77800000000.00|LocalBitcoin|bitcoin
JOSEPIERRE1|3000+|MERCANTIL|Caracas, Capital District, Venezuela|ONLINE_SELL|77935524463.37|LocalBitcoin|bitcoin
Francelis4169|500+|VENEZUELA|Venezuela|ONLINE_SELL|77950000000.00|LocalBitcoin|bitcoin
Francelis4169|500+|VENEZUELA|Venezuela|ONLINE_SELL|77950400000.00|LocalBitcoin|bitcoin
Safenat1|500+|PAGO M√ìVIL Sencillo, libero en segundos|Venezuela|ONLINE_SELL|77990904266.93|LocalBitcoin|bitcoin
sunonek13|3000+|BANESCO|Caracas, Capital District, Venezuela|ONLINE_SELL|78000000000.00|LocalBitcoin|bitcoin
gregrod29|3000+|MERCANTIL|Coro 4101, Falc√≥n, Venezuela|ONLINE_SELL|78000000000.00|LocalBitcoin|bitcoin
Ricardoseg|3000+|VENEZUELA|Venezuela|ONLINE_SELL|78000000000.00|LocalBitcoin|bitcoin
ManuelMarinR|1000+|MERCANTIL|Maturin 6201, Monagas, Venezuela|ONLINE_SELL|78000000000.00|LocalBitcoin|bitcoin
orianita22|3000+|VENEZUELA|Venezuela|ONLINE_SELL|78000000000.00|LocalBitcoin|bitcoin
JhonathanPastrana|1000+|BANESCO|Puerto La Cruz, Anzoategui, Venezuela|ONLINE_SELL|78000000000.00|LocalBitcoin|bitcoin
Arepasxelmundo|500+|PROVINCIAL|Venezuela|ONLINE_SELL|78000009999.00|LocalBitcoin|bitcoin
jorgepapp|1000+|PROVINCIAL|Venezuela|ONLINE_SELL|78113662905.35|LocalBitcoin|bitcoin
Gutter|500+|VENEZUELA|Caracas, Capital District, Venezuela|ONLINE_SELL|78113662905.35|LocalBitcoin|bitcoin
JOSEPIERRE1|3000+|BANCARIBE|Caracas, Capital District, Venezuela|ONLINE_SELL|78246003864.59|LocalBitcoin|bitcoin
JOSEPIERRE1|3000+|‚≠ê‚ôïBCO. PLAZA‚ôï o PAGO M√ìVIL‚≠ê>M√ÅX.: 120.000.000|Caracas, Capital District, Venezuela|ONLINE_SELL|78292385609.62|LocalBitcoin|bitcoin
abedoya66|3000+|BOD|Venezuela|ONLINE_SELL|78500000000.00|LocalBitcoin|bitcoin
Doug3DC|3000+|BANESCO|Venezuela|ONLINE_SELL|78500000000.00|LocalBitcoin|bitcoin
Doug3DC|3000+|VENEZUELA|Venezuela|ONLINE_SELL|78500000000.00|LocalBitcoin|bitcoin
javivi9534|3000+|PROVINCIAL|Venezuela|ONLINE_SELL|78600000000.00|LocalBitcoin|bitcoin
jcalza17|1000+|MERCANTIL|Caracas, Capital District, Venezuela|ONLINE_SELL|78650161106.26|LocalBitcoin|bitcoin
abedoya66|3000+|BANESCO|Venezuela|ONLINE_SELL|78800000000.00|LocalBitcoin|bitcoin
peddrolorenzo|1000+|BOD|Venezuela|ONLINE_SELL|78848966549.97|LocalBitcoin|bitcoin
wiederii|1000+|BANESCO|Venezuela|ONLINE_SELL|78950000000.00|LocalBitcoin|bitcoin
CRISTOPHER2015|100+|VENEZUELA|Merida, M√©rida, Venezuela|ONLINE_SELL|78950000000.00|LocalBitcoin|bitcoin
Cherman_8|3000+|Pago m√≥vil 90,000,000 m√°ximo|Caracas, Capital District, Venezuela|ONLINE_SELL|78964405768.67|LocalBitcoin|bitcoin
freddycelaya|3000+|BANESCO|Venezuela|ONLINE_SELL|79000000000.00|LocalBitcoin|bitcoin
REVENEX|3000+|MERCANTIL|Caracas, Capital District, Venezuela|ONLINE_SELL|79000000000.00|LocalBitcoin|bitcoin
almaral|500+|MERCANTIL|Caracas, Capital District, Venezuela|ONLINE_SELL|79000000000.00|LocalBitcoin|bitcoin
AndresAraujo|1000+|MERCANTIL|Valencia, Carabobo, Venezuela|ONLINE_SELL|79000000000.00|LocalBitcoin|bitcoin
iStart|100+|MERCANTIL|Venezuela|ONLINE_SELL|79000000000.00|LocalBitcoin|bitcoin
luisferloro|1000+|MERCANTIL|Caracas, Capital District, Venezuela|ONLINE_SELL|79030000000.00|LocalBitcoin|bitcoin
Lynceum|500+|VENEZUELA|Venezuela|ONLINE_SELL|79100000000.00|LocalBitcoin|bitcoin
jcalza17|1000+|MERCANTIL|Caracas, Capital District, Venezuela|ONLINE_SELL|79100161106.26|LocalBitcoin|bitcoin
invfrahilanca|500+|MERCANTIL|Venezuela|ONLINE_SELL|79235481091.89|LocalBitcoin|bitcoin
Mavaes|100+|BANESCO|Venezuela|ONLINE_SELL|79273766809.88|LocalBitcoin|bitcoin
cramirezpernia|10 000+|BANESCO|Venezuela|ONLINE_SELL|79323630600.00|LocalBitcoin|bitcoin
Albertodevers|1000+|BANESCO|Miranda, Venezuela|ONLINE_SELL|79351107070.19|LocalBitcoin|bitcoin
Rafaelsegundo2020|3000+|MERCANTIL|Zulia, Venezuela|ONLINE_SELL|79450000000.00|LocalBitcoin|bitcoin
churrito2005|3000+|PROVINCIAL|Venezuela|ONLINE_SELL|79467389817.03|LocalBitcoin|bitcoin
churrito2005|3000+|VENEZUELA|Venezuela|ONLINE_SELL|79467389817.03|LocalBitcoin|bitcoin
oscr1829|3000+|PROVINCIAL|Venezuela|ONLINE_SELL|79499000000.00|LocalBitcoin|bitcoin
torre1809|100+|MERCANTIL|Caracas, Capital District, Venezuela|ONLINE_SELL|79621995633.80|LocalBitcoin|bitcoin
Doug3DC|3000+|Apartado|Venezuela|ONLINE_SELL|79800000000.00|LocalBitcoin|bitcoin
Mkglobal|100+|PROVINCIAL|Venezuela|ONLINE_SELL|79800000000.00|LocalBitcoin|bitcoin
Mkglobal|100+|BANESCO|Venezuela|ONLINE_SELL|79800000000.00|LocalBitcoin|bitcoin
orianita22|3000+|BOD|Venezuela|ONLINE_SELL|79800000000.00|LocalBitcoin|bitcoin
angelgarciave30|3000+|MERCANTIL|Coro 4101, Falc√≥n, Venezuela|ONLINE_SELL|79800990876.15|LocalBitcoin|bitcoin
andres_87|3000+|MERCANTIL|Venezuela|ONLINE_SELL|79882000000.00|LocalBitcoin|bitcoin
camider24|3000+|VENEZUELA|Venezuela|ONLINE_SELL|79940000000.00|LocalBitcoin|bitcoin
oscr1829|3000+|PROVINCIAL|Venezuela|ONLINE_SELL|79999000000.00|LocalBitcoin|bitcoin
24hds|30 000+|BANESCO|Caracas, Capital District, Venezuela|ONLINE_SELL|80000000000.00|LocalBitcoin|bitcoin
robinrsg|3000+|PROVINCIAL|Venezuela|ONLINE_SELL|80000000000.00|LocalBitcoin|bitcoin
Joselox29|1000+|BANESCO|Venezuela|ONLINE_SELL|80000000000.00|LocalBitcoin|bitcoin
Joselox29|1000+|PROVINCIAL|Venezuela|ONLINE_SELL|80000000000.00|LocalBitcoin|bitcoin
Joselox29|1000+|BOD|Venezuela|ONLINE_SELL|80000000000.00|LocalBitcoin|bitcoin
Joselox29|1000+|BANCARIBE|Venezuela|ONLINE_SELL|80000000000.00|LocalBitcoin|bitcoin
Joselox29|1000+|VENEZUELA|Venezuela|ONLINE_SELL|80000000000.00|LocalBitcoin|bitcoin
feryum|500+|VENEZUELA|Venezuela|ONLINE_SELL|80000000000.00|LocalBitcoin|bitcoin
equiska|1000+|PROVINCIAL|Venezuela|ONLINE_SELL|80000000000.00|LocalBitcoin|bitcoin
douglasdos|500+|MERCANTIL|Valencia 2001, Carabobo, Venezuela|ONLINE_SELL|80000000000.00|LocalBitcoin|bitcoin
douglasdos|500+|‚≠ê B.O.D ‚≠êl‚úàÔ∏è‚úàÔ∏è Libero rapido|Valencia 2001, Carabobo, Venezuela|ONLINE_SELL|80000000000.00|LocalBitcoin|bitcoin
Blackn14|1000+|BANESCO|Venezuela|ONLINE_SELL|80008510175.71|LocalBitcoin|bitcoin
Angelgonzalezp|500+|VENEZUELA|Venezuela|ONLINE_SELL|80163115992.47|LocalBitcoin|bitcoin
yian95|1000+|BANESCO|Venezuela|ONLINE_SELL|80234845600.00|LocalBitcoin|bitcoin
emilybar|10 000+|PROVINCIAL|Venezuela|ONLINE_SELL|80390000000.00|LocalBitcoin|bitcoin
emilybar|10 000+|MERCANTIL|Venezuela|ONLINE_SELL|80390000000.00|LocalBitcoin|bitcoin
Kipe90|100+|VENEZUELA|venezuela, 3001, Lara, Venezuela|ONLINE_SELL|80399900900.00|LocalBitcoin|bitcoin
madera343|10 000+|BANESCO|Venezuela|ONLINE_SELL|80400000000.00|LocalBitcoin|bitcoin
davidcerezo|3000+|BANESCO|Caracas, Capital District, Venezuela|ONLINE_SELL|80433870714.42|LocalBitcoin|bitcoin
alfredo_lozada|1000+|MERCANTIL|Venezuela|ONLINE_SELL|80433870714.42|LocalBitcoin|bitcoin
gaguevara|30+|MERCANTIL|Valencia, Carabobo, Venezuela|ONLINE_SELL|80433870714.42|LocalBitcoin|bitcoin
hervas75|70+|VENEZUELA|Venezuela|ONLINE_SELL|80433870714.42|LocalBitcoin|bitcoin
emilybar|10 000+|BANCARIBE|Venezuela|ONLINE_SELL|80500000000.00|LocalBitcoin|bitcoin
fgonzalez2711|3000+|MERCANTIL|Venezuela|ONLINE_SELL|80500000000.00|LocalBitcoin|bitcoin
Indestructible2018|3000+|PROVINCIAL|Caracas, Capital District, Venezuela|ONLINE_SELL|80580800020.00|LocalBitcoin|bitcoin
manperezr|20 000+|MERCANTIL|Caracas, Capital District, Venezuela|ONLINE_SELL|80601065439.29|LocalBitcoin|bitcoin
angelgarciave30|3000+|VENEZUELA|Coro 4101, Falc√≥n, Venezuela|ONLINE_SELL|80700990765.77|LocalBitcoin|bitcoin
DolaresEnVzla|1,100 |"*Cash deposit""Pago Movil - cualquier banco"|Venezuela San Antonio del T√°chira|ONLY_SELL|Bs.S 750K to 5,50MBs.S 3,63B4% below market|localcryptos|bitcoin
churonfeng|95 |"*Bank transfer""üü¢Banesco"|Venezuela Caracas|ONLY_SELL|Bs.S 30M to 1BBs.S 3,63B4% below market|localcryptos|bitcoin
jeff0102|190 |"*Bank transfer""Mercantil,BDV,Provincial,bansc"|Venezuela Caracas|ONLY_SELL|Bs.S 500K to 250MBs.S 3,25B14% below market|localcryptos|bitcoin
andersernesto|1,700 |"*Bank transfer""BANESCO"|Venezuela Caracas|ONLY_SELL|Bs.S 70M to 500MBs.S 2,64B30% below market|localcryptos|bitcoin
instacristhian|20,000 |"*Bank transfer""BANESCO PROVINCIAL MERCANTIL"|Venezuela Maracay|ONLY_SELL|Bs.S 10M to 150MBs.S 1,30B66% below market|localcryptos|bitcoin
Reyfollador|825 |"*PayPal""Paypal - Instantaneo"|Venezuela Caracas|ONLY_SELL|$100 to $200$10,219.810.2% below market|localcryptos|bitcoin
jaimeng123|600 |"Bank transfer""bdv-banesco-provincial"|Venezuela Ciudad GuayanaBs.S 5M to 200MBs.S 3,67B3% below market|ONLY_SELL|Sell|localcryptos|bitcoin
thekingpc|90 |"Bank transfer""PAGOMOVIL PROVINCIAL VENEZUELA"|Venezuela Caracas|ONLY_SELL|up to Bs.S 3MBs.S 2,46B35% below market|localcryptos|bitcoin
neomych|35 |"Bank transfer""tarjetas de video Rx470"|Venezuela Caracas|ONLY_SELL|$120 only$10,081.921.5% below market|localcryptos|bitcoin
whernandez|3,000 |"*Bank transfer""Pregunte por su Banco"|Venezuela Caracas|ONLY_SELL|Bs.S 2M to 8MBs.S 3,37B11% below market|localcryptos|bitcoin
oredo2|500 |"*Bank transfer""Banesco Panama"|Venezuela Caracas|ONLY_SELL|$20 to $300$9,109.6911% below market|localcryptos|bitcoin
fitomda||"Bank transfer""ACTIVO COMPRANDO PM"|Venezuela Caracas|ONLY_SELL|Bs.S 1M to 5MBs.S 3,74B1.2% below market|localcryptos|bitcoin
Enoc84||"Bank transfer""Compro Mercantil"|Venezuela Caracas|ONLY_SELL|Bs.S 5M to 20MBs.S 3,74B1% below market|localcryptos|bitcoin
MiguelDFM|30 |"*Bank transfer""MiguelFM"|Venezuela CumanacoaBs.S 100K to 18MBs.S 3,47B8.2% below market|ONLY_SELL|Sell|localcryptos|bitcoin
BitTrading||"Cash deposit""Pago m√≥vil."|Venezuela CaraballedaBs.S 1,50M to 2MBs.S 3,77B0.2% below market|ONLY_SELL|Sell|localcryptos|bitcoin
BitTrading||"Bank transfer""Pago m√≥vil."|Venezuela CaraballedaBs.S 1,50M to 2MBs.S 3,77B0.2% below market|ONLY_SELL|Sell|localcryptos|bitcoin
ASDFGHJKL|1,000 |"*Bank transfer""MERCANTIL - (Banco Mercantil)"|Venezuela Caracas|ONLY_SELL|Bs.S 10M to 200MBs.S 3,46B8.5% below market|localcryptos|bitcoin
Yreveh|70 |"*Bank transfer""pago banesco, venezuela y pm"|Venezuela Ciudad GuayanaBs.S 100K to 1MBs.S 3,44B9% below market|ONLY_SELL|Sell|localcryptos|bitcoin
samuel81||"Bank transfer""ULTRA FAST BANESCO-BOD"|Venezuela GuantaBs.S 500K to 15MBs.S 3,59B5.2% below market|ONLY_SELL|Sell|localcryptos|bitcoin
danieldavid2d2||"Cash (in person)""COMPRO BTC EFECTIVO USD"|Venezuela Caracas|ONLY_SELL|$300 only$5,117.7350% below market|localcryptos|bitcoin
Angelgalindez||"Cash (in person)""Compro"|Venezuela Araure$500 to $1.5K$10,379.691.4% above market|ONLY_SELL|Sell|localcryptos|bitcoin
luisurbina|100 |"*Bank transfer""BBVA PROVINCIAL y PAGO MOVIL"|Venezuela Lecher√≠asBs.S 2M onlyBs.S 3,59B5% below market|ONLY_SELL|Sell|localcryptos|bitcoin
bacancho|1,000 |"*Bank transfer""BANESCO PAGO RAPIDO"|Venezuela Caracas|ONLY_SELL|Bs.S 300K onlyBs.S 3,55B6.1% below market|localcryptos|bitcoin
KevinDems||"Bank transfer""BANESCO PANAM√Å"|Venezuela Caracas|ONLY_SELL|$100 to $1K$10,322.010.8% above market|localcryptos|bitcoin
Fr0stbyte7||"Cash (in person)""Compro BTC PAGO EN VERDES CASH"|Venezuela Baruta$100 to $250$8,700.2715% below market|ONLY_SELL|Sell|localcryptos|bitcoin
rick242012||"Bank transfer""Banesco, Pago Movil"|Venezuela Caracas|ONLY_SELL|Bs.S 3M onlyBs.S 3,59B5% below market|localcryptos|bitcoin
rick242012||"Cash deposit""Banesco, Pago Movil"|Venezuela Caracas|ONLY_SELL|Bs.S 3M onlyBs.S 3,59B5% below market|localcryptos|bitcoin
kennypual||"Bank transfer""banesco rapido"|Venezuela MaracaiboBs.S 100M to 1BBs.S 3,30B13% below market|ONLY_SELL|Sell|localcryptos|bitcoin
DolaresEnVzla|1,100 |"*Cash deposit""Pago Movil (cualquier banco)"|Venezuela San Antonio del T√°chira|ONLY_BUY|Bs.S 3M to 15MBs.S 4,23B3.2% above market|localcryptos|bitcoin
groyff5|40 |"Bank transfer""Banesco/Mercantil/Pago M√≥vil"|Venezuela Caracas|ONLY_BUY|Bs.S 10M to 45,50MBs.S 4,14B1% above market|localcryptos|bitcoin
castellano30|450 |"Bank transfer""Actv Banes/Prov/Pagomvil"|Venezuela Barquisimeto|ONLY_BUY|Bs.S 4M onlyBs.S 4,26B4.1% above market|localcryptos|bitcoin
deflick|1,000 |"*PAYEER""FAST AND HONEST"|Venezuela Caracas|ONLY_BUY|$30 to $500$11,605.197% above market|localcryptos|bitcoin
Otonn78|110 |"*Bank transfer""Banesco Siempre Online"|Venezuela Caracas|ONLY_BUY|Bs.S 3,50M to 60MBs.S 4,47B9.2% above market|localcryptos|bitcoin
whernandez|3,000 |"*Bank transfer""PAGO M√ìVIL, BANESCO, BdV, BBVA"|Venezuela Caracas|ONLY_BUY|Bs.S 20M to 30MBs.S 4,55B11% above market|localcryptos|bitcoin
Mr.cris.15||"Bank transfer""En linea- Solo BBVA-provincial"|Venezuela Caracas|ONLY_BUY|Bs.S 500K to 12MBs.S 5,29B29% above market|localcryptos|bitcoin
oli201814||"Bank transfer""Banesco-Venezuela- Pago movil"|Venezuela Barquisimeto|ONLY_BUY|Bs.S 6M to 8MBs.S 4,59B12% above market|localcryptos|bitcoin
manuelmendezm2||"Bank transfer""Banco de Venezuela"|Venezuela San Crist√≥bal|ONLY_BUY| Bs.S 5M to 200MBs.S 4,25B3.9% above market|localcryptos|bitcoin
DavidFlores||"Bank transfer""vendo BTC a buen precio"|Venezuela San CarlosCOL$50 to $200COL$42,08M4.9% above market|ONLY_BUY|Buy|localcryptos|bitcoin
thony97||"Bank transfer""no"|Venezuela Guasipati|ONLY_BUY|$500 only$11,065.452% above market|localcryptos|bitcoin
"Nostradamus251 tradeCash deposit""Banco Mercantil en Euros"|Venezuela Alto Barinas|‚Ç¨100 to ‚Ç¨500‚Ç¨10.863,4919% above market|Buy|ONLY_BUY||localcryptos|bitcoin
"Nostradamus251 tradeBank transfer""Banco Mercantil en Euros"|Venezuela Alto Barinas|‚Ç¨100 to ‚Ç¨500‚Ç¨10.863,4919% above market|Buy|ONLY_BUY||localcryptos|bitcoin
thony97||"Bank transfer""facil"|Venezuela Caracas|ONLY_BUY|$200 to $250$11,064.862% above market|localcryptos|bitcoin
josebroceo4||Bank transfer|Venezuela  o pago movil|ONLY_BUY|Venezuela Caracas|localcryptos|bitcoin
"Nostradamus251 tradeCash (in person)""VENDO BTC EN EUROS EFECTIVOS"|Venezuela Alto Barinas|‚Ç¨100 to ‚Ç¨500‚Ç¨10.863,4919% above market|Buy|ONLY_BUY||localcryptos|bitcoin
f√ºlle2021latam|3 √≥rdenes|Transferencia Bancaria, Banesco, Transferencia con banco espec√≠fico, |Venezuela|ONLY_Sell|80,130,101,791.89|Binance|bitcoin
SinFrontera|1303 √≥rdenes|Banesco, Provincial, |Venezuela|ONLY_Sell|77,500,000,000.00|Binance|bitcoin
NelsonP23|398 √≥rdenes|Banesco, |Venezuela|ONLY_Sell|77,352,258,263.10|Binance|bitcoin
Jose paredez|733 √≥rdenes|Banesco, |Venezuela|ONLY_Sell|76,941,992,141.93|Binance|bitcoin
Jose paredez|733 √≥rdenes|Mercantil, |Venezuela|ONLY_Sell|76,839,425,611.63|Binance|bitcoin
johang01|80 √≥rdenes|Transferencia bancaria (Venezuela), Mercantil, Pago Movil, |Venezuela|ONLY_Sell|76,220,000,020.00|Binance|bitcoin
‚ôû‚ú©‚ú©WhiteHorse‚ú©‚ú©|558 √≥rdenes|Transferencia Bancaria, Transferencia bancaria (Venezuela), Pago Movil, |Venezuela|ONLY_Sell|76,155,648,743.01|Binance|bitcoin
Agusver|960 √≥rdenes|Transferencia Bancaria, Banesco, Mercantil, |Venezuela|ONLY_Sell|76,000,000,000.00|Binance|bitcoin
ANMA|1261 √≥rdenes|Banesco, Transferencia bancaria (Venezuela), Mercantil, |Venezuela|ONLY_Sell|76,000,000,000.00|Binance|bitcoin
maca|193 √≥rdenes|Transferencia Bancaria, Mercantil, |Venezuela|ONLY_Sell|75,164,172,283.50|Binance|bitcoin
OrestesG7|64 √≥rdenes|Banesco, |Venezuela|ONLY_Sell|74,959,039,222.92|Binance|bitcoin
yahibf|362 √≥rdenes|Provincial, Transferencia con banco espec√≠fico, |Venezuela|ONLY_Sell|74,617,150,788.61|Binance|bitcoin
Rommy|228 √≥rdenes|Pago Movil, |Venezuela|ONLY_Sell|74,200,000,000.00|Binance|bitcoin
yocriptotrade|174 √≥rdenes|Provincial, |Venezuela|ONLY_Sell|74,103,164,430.14|Binance|bitcoin
nachotor93|102 √≥rdenes|Mercantil, |Venezuela|ONLY_Sell|73,000,000,000.00|Binance|bitcoin
criptovzla|2 √≥rdenes|Banesco, Pago Movil, |Venezuela|ONLY_Sell|72,651,292,291.31|Binance|bitcoin
miket1903|254 √≥rdenes|Pago Movil, Provincial, |Venezuela|ONLY_Sell|70,129,865,088.26|Binance|bitcoin
Leandro978|492 √≥rdenes|Banesco, Transferencia bancaria (Venezuela), Mercantil, |Venezuela|ONLY_Sell|70,000,000,000.00|Binance|bitcoin
bless20|2240 √≥rdenes|Banesco, Transferencia bancaria (Venezuela), Mercantil, |Venezuela|ONLY_Sell|70,000,000,000.00|Binance|bitcoin
bless20|2240 √≥rdenes|Banco Occidental de Descuento, |Venezuela|ONLY_Sell|70,000,000,000.00|Binance|bitcoin
CryptoFIAT|596 √≥rdenes|Pago Movil, Transferencia con banco espec√≠fico, Banco Occidental de Descuento, |Venezuela|ONLY_Sell|68,895,682,239.42|Binance|bitcoin
BlockchainX|12 √≥rdenes|Banesco, |Venezuela|ONLY_Sell|68,377,686,862.41|Binance|bitcoin
JonathanTrader|33 √≥rdenes|Transferencia bancaria (Venezuela), Pago Movil, Banco Occidental de Descuento, |Venezuela|ONLY_Sell|68,377,686,862.41|Binance|bitcoin
Alex Lopez|9 √≥rdenes|Banesco, Mercantil, |Venezuela|ONLY_Sell|65,091,019,011.00|Binance|bitcoin
WilQ1984|5 √≥rdenes|Banesco, Transferencia bancaria (Venezuela), Pago Movil, |Venezuela|ONLY_Sell|65,012,523,560.01|Binance|bitcoin
berbesivictor|17 √≥rdenes|Mercantil, |Venezuela|ONLY_Sell|63,610,000,000.00|Binance|bitcoin
toroconfuerza|128 √≥rdenes|Banesco, |Venezuela|ONLY_Sell|57,000,000,000.00|Binance|bitcoin
damo16|0 √≥rdenes|Banesco, |Venezuela|ONLY_Sell|48,676,243,083.16|Binance|bitcoin
Robnell|10 √≥rdenes|Banesco, Mercantil, Pago Movil, |Venezuela|ONLY_Sell|42,500,000,000.00|Binance|bitcoin
IOFPCOIN|712 √≥rdenes|Transferencia bancaria (Venezuela), Pago Movil, Provincial, |Venezuela|ONLY_Sell|34,665,993,551.90|Binance|bitcoin
‚≠ê‚öúTHE_MASTER_76Ô∏è‚öúÔ∏è‚≠ê|112 √≥rdenes|Banesco, Mercantil, Provincial, |Venezuela|ONLY_Sell|28,790,000,000.00|Binance|bitcoin
Oshunloyarde2020|1 √≥rdenes|Banco Occidental de Descuento, |Venezuela|ONLY_Sell|3,993,163,165.98|Binance|bitcoin
gregorio parra|0 √≥rdenes|Transferencia con banco espec√≠fico, |Venezuela|ONLY_Sell|2,870,000,000.00|Binance|bitcoin
CRIPTOGP|0 √≥rdenes|Transferencia bancaria (Venezuela), |Venezuela|ONLY_Sell|2,045,000,000.00|Binance|bitcoin
‚≠ê‚öúTHE_MASTER_76Ô∏è‚öúÔ∏è‚≠ê|112 √≥rdenes|Banesco, Mercantil, Provincial, |Venezuela|ONLY_Sell|28,790,000,000.00|Binance|bitcoin
Oshunloyarde2020|1 √≥rdenes|Banco Occidental de Descuento, |Venezuela|ONLY_Sell|3,993,163,165.98|Binance|bitcoin
gregorio parra|0 √≥rdenes|Transferencia con banco espec√≠fico, |Venezuela|ONLY_Sell|2,870,000,000.00|Binance|bitcoin
CRIPTOGP|0 √≥rdenes|Transferencia bancaria (Venezuela), |Venezuela|ONLY_Sell|2,045,000,000.00|Binance|bitcoin
AbrahamR|216 √≥rdenes|Pago Movil, Provincial, |Venezuela|ONLY_BUY|80,441,070,732.90|Binance|bitcoin
Briggsup|1036 √≥rdenes|Banesco, Pago Movil, |Venezuela|ONLY_BUY|80,569,134,420.12|Binance|bitcoin
‚úîÔ∏èCriptoCambiosVzla‚≠ê|437 √≥rdenes|Banesco, Mercantil, Provincial, |Venezuela|ONLY_BUY|80,833,620,784.46|Binance|bitcoin
LEINITH|134 √≥rdenes|Banesco, Pago Movil, |Venezuela|ONLY_BUY|81,192,377,697.92|Binance|bitcoin
allyzc|1852 √≥rdenes|Banesco, Transferencia bancaria (Venezuela), Pago Movil, |Venezuela|ONLY_BUY|81,704,632,446.81|Binance|bitcoin
Rosarito|11 √≥rdenes|Banesco, Transferencia bancaria (Venezuela), Mercantil, |Venezuela|ONLY_BUY|81,943,684,662.95|Binance|bitcoin
numbmax|837 √≥rdenes|Banesco, Transferencia bancaria (Venezuela), Mercantil, |Venezuela|ONLY_BUY|81,960,759,821.25|Binance|bitcoin
jose|35 √≥rdenes|Transferencia Bancaria, Pago Movil, Provincial, |Venezuela|ONLY_BUY|83,668,275,650.86|Binance|bitcoin
Danpuro|57 √≥rdenes|Transferencia bancaria (Venezuela), Mercantil, Banco Occidental de Descuento, |Venezuela|ONLY_BUY|86,741,804,144.15|Binance|bitcoin
Crypton|95 √≥rdenes|Banesco, Transferencia bancaria (Venezuela), Provincial, |Venezuela|ONLY_BUY|86,912,555,727.12|Binance|bitcoin
TuPuntoBTC|678 √≥rdenes|Transferencia bancaria (Venezuela), Pago Movil, |Venezuela|ONLY_BUY|90,610,371,218.83|Binance|bitcoin
simomves|37 √≥rdenes|Mercantil, Provincial, |Venezuela|ONLY_BUY|91,881,252,495.95|Binance|bitcoin
CryptoFIAT|596 √≥rdenes|Transferencia Bancaria, Mercantil, Pago Movil, |Venezuela|ONLY_BUY|112,286,758,240.09|Binance|bitcoin
Zrojo|81 √≥rdenes|Banesco, Transferencia bancaria (Venezuela), Provincial, |Venezuela|ONLY_BUY|192,324,786,986.10|Binance|bitcoin
JFKCryp|90 √≥rdenes|Banesco, Pago Movil, Provincial, |Venezuela|ONLY_BUY|192,333,335,134.32|Binance|bitcoin
LeydiDI|2 √≥rdenes|Transferencia bancaria (Venezuela), Mercantil, Pago Movil, |Venezuela|ONLY_BUY|256,444,446,845.77|Binance|bitcoin
TuPuntoBTC|678 √≥rdenes|Transferencia bancaria (Venezuela), Pago Movil, |Venezuela|ONLY_BUY|90,610,371,218.83|Binance|bitcoin
simomves|37 √≥rdenes|Mercantil, Provincial, |Venezuela|ONLY_BUY|91,881,252,495.95|Binance|bitcoin
CryptoFIAT|596 √≥rdenes|Transferencia Bancaria, Mercantil, Pago Movil, |Venezuela|ONLY_BUY|112,286,758,240.09|Binance|bitcoin
Zrojo|81 √≥rdenes|Banesco, Transferencia bancaria (Venezuela), Provincial, |Venezuela|ONLY_BUY|192,324,786,986.10|Binance|bitcoin
JFKCryp|90 √≥rdenes|Banesco, Pago Movil, Provincial, |Venezuela|ONLY_BUY|192,333,335,134.32|Binance|bitcoin
LeydiDI|2 √≥rdenes|Transferencia bancaria (Venezuela), Mercantil, Pago Movil, |Venezuela|ONLY_BUY|256,444,446,845.77|Binance|bitcoin
